PhoneNumber,PostalCode
2042330222,R2H 0J4
2042332893,R2H 2R1
2042333619,R2M 0H9
2042333986,R2M 3N7
2042337079,R2H 1C6
2042337983,R2J 0Y4
2042370202,R2H 1S2
2042370219,R2H 1H9
2042374057,R2M 0W7
2042378951,R2J 1J9
2042422640,R0G 1G0
2042422844,R0G 1G0
2042432435,R1N 2B6
2042432487,R1N 2B6
2042462255,R0G 0L0
2042522289,R1N 3B9
2042522568,R1N 2B6
2042522870,R1N 3B7
2042531371,R2M 3X5
2042531375,R2M 0N1
2042531388,R2M 3E5
2042531492,R2N 1R1
2042532363,R2N 2L7
2042532646,R2M 3J2
2042538199,R3X 0G4
2042539704,R2M 3X5
2042539873,R2M 1S6
2042540120,R2N 1R3
2042540124,R2N 2T9
2042545078,R2N 2N5
2042546247,R3X 2B4
2042547477,R2N 3J3
2042551134,R2J 2T1
2042551400,R2J 1Y2
2042553205,R2J 1M7
2042557880,R2M 5C1
2042561135,R2M 4E4
2042564366,R2M 3K3
2042567316,R2J 1G3
2042570124,R2N 3T8
2042570609,R2J 1C1
2042570637,R2J 3K1
2042570640,R2J 3K3
2042570656,R2J 1L3
2042572540,R2J 3K2
2042572904,R2M 4A9
2042572928,R2J 3A2
2042578114,R2M 3Y6
2042583870,R0C 3A0
2042613350,R3T 5R3
2042614430,R3V 1H8
2042619400,R3T 4W8
2042619535,R3T 4P8
2042653522,R0E 0C0
2042672094,R1N 2B6
2042672133,R1N 2B6
2042672265,R1N 2B6
2042672632,R1N 2B6
2042672700,R1N 2B6
2042672733,R0H 0Y0
2042682423,R0E 0C0
2042682507,R5L 0A7
2042682664,R0E 0C0
2042684353,R0E 2B0
2042691400,R3T 3P9
2042691503,R3V 1C5
2042691674,R3T 4C4
2042694101,R3T 2Z1
2042694920,R3V 1H8
2042695677,R3T 3A8
2042696210,R3T 3B3
2042728051,R0K 1T0
2042728081,R0C 0H0
2042742463,R0H 0C0
2042742722,R0H 0C0
2042742786,R1N 2B6
2042755048,R3V 1M2
2042757520,R3T 3B3
2042762118,R0C 2A0
2042775277,R0E 0J0
2042783347,R0C 1P0
2042845983,R3L 2L4
2042863264,R0B 1R0
2042884355,R0B 0S0
2043209488,R5G 1H7
2043225345,R0C 1G0
2043225424,R0C 3E0
2043225576,R0C 3E0
2043225586,R0C 3E0
2043225661,R0H 1E0
2043232051,R0B 0B0
2043245319,R0G 0B1
2043246416,R0G 0B3
2043248206,R0G 0B1
2043248438,R0G 1X0
2043248611,R0G 0B2
2043256373,R6W 1G2
2043257208,R6W 4B4
2043257765,R6W 4E1
2043258008,R6W 4C8
2043258200,R6W 0E9
2043258203,R6W 0E4
2043258592,R6W 1K3
2043258674,R6W 4B4
2043259501,R6W 4C9
2043259852,R0G 1R0
2043261757,R0A 0C1
2043263325,R5G 0P3
2043263518,R5G 0P2
2043266110,R5G 0R1
2043266426,R5G 0P1
2043266481,R5G 0R3
2043266622,R5G 1J4
2043275344,R0G 0V0
2043285364,R0K 1X0
2043287416,R0K 1X0
2043314533,R6W 1M5
2043344391,R2V 2M1
2043346083,R1A 2Y1
2043348417,R2V 3X9
2043352159,R0B 0M0
2043365050,R2V 0P7
2043383670,R2G 1P7
2043384611,R2G 0T1
2043387039,R2X 2G2
2043387804,R2V 3B3
2043387893,R2V 0Z6
2043387937,R2V 3B5
2043389341,R2V 2R8
2043389384,R2V 1R6
2043391964,R4A 1A4
2043391984,R2G 1N5
2043392058,R2V 0P7
2043396959,R2V 4T6
2043397112,R2V 0V7
2043399889,R2V 2A6
2043432023,R0G 1T0
2043445459,R0C 3A0
2043445840,R0C 3A0
2043452462,R0E 1A0
2043452585,R0E 1A0
2043456410,R0E 1A0
2043469644,R5G 0Y2
2043475255,R0A 1T0
2043482595,R0E 2G0
2043487055,R0E 1T0
2043492295,R0E 0N0
2043524253,R0J 0V0
2043524410,R0J 0V0
2043532084,R0H 0H0
2043532297,R0H 0H0
2043532704,R0H 0H0
2043532869,R0H 1H0
2043542166,R0K 0G0
2043542259,R0K 0G0
2043554020,R0A 0X0
2043554663,R0A 0X0
2043562292,R0B 0W0
2043572225,R0B 0G0
2043582281,R0B 1M0
2043596781,R0B 1B0
2043672296,R0E 1P0
2043682263,R0J 1H0
2043726459,R0C 0Z0
2043726615,R0C 0Z0
2043728573,R0C 2N0
2043728830,R0C 1N0
2043732624,R0A 0L0
2043732645,R0A 0H0
2043762605,R0C 0A0
2043765054,R0C 0A0
2043774751,R0A 0V0
2043785135,R0C 2R0
2043785145,R0C 2R0
2043792441,R0G 1Z0
2043835674,R0C 3H0
2043852227,R0H 0C0
2043852613,R0J 0T0
2043852845,R0J 0T0
2043852980,R0H 0C0
2043853475,R0H 0C0
2043862250,R0J 1P0
2043884422,R0A 1C0
2043884731,R0A 1E0
2043884861,R0A 1E0
2043892176,R0C 3G0
2044225417,R5H 1G3
2044225490,R0E 1S0
2044228762,R5H 1G3
2044228776,R5H 1G3
2044232069,R0A 1K0
2044245607,R0A 0W0
2044253535,R0A 2K0
2044272143,R0A 0H0
2044272223,R0A 0H0
2044272315,R0A 0H0
2044273827,R0A 0H0
2044332545,R0G 1Y0
2044333460,R0A 1V0
2044337970,R0A 2G0
2044346165,R0A 0R0
2044346415,R0A 0R0
2044352269,R0H 0H0
2044352299,R0H 0H0
2044352441,R0G 1H0
2044352517,R0H 0H0
2044362354,R0G 0N0
2044372175,R0A 1Z0
2044442404,R0E 1J1
2044442473,R0E 1J0
2044442995,R0E 1J0
2044452001,R0H 0N0
2044472068,R0J 1A0
2044472088,R0L 1S0
2044523040,R3T 0L8
2044523112,R3M 3E3
2044524210,R3M 3C5
2044525015,R3M 2T5
2044528945,R3T 1G7
2044530539,R3T 1T9
2044533347,R3M 3A2
2044534631,R3T 0S4
2044536639,R3L 1J9
2044538023,R3T 1R7
2044562786,R0B 2H0
2044582471,R0B 1E0
2044672501,R0C 0H0
2044672560,R0C 1G0
2044672683,R0C 0B0
2044672717,R0H 1E0
2044675502,R0C 2Z0
2044675537,R0C 2Z0
2044675539,R0C 2Z0
2044678012,R0C 0H0
2044678700,R0C 0B0
2044682021,R0B 1L0
2044723250,R0B 0H0
2044723431,R0B 0H0
2044732403,R0B 1W0
2044740269,R3T 1M4
2044741301,R3L 2L6
2044741305,R3L 2L6
2044741441,R3M 2P5
2044741492,R3M 0G3
2044754767,R3L 0M8
2044755057,R3L 0A8
2044755242,R3M 0M8
2044762323,R0J 1H0
2044762740,R0J 1H0
2044763305,R0J 1H0
2044768837,R0J 1H0
2044776391,R3E 2A9
2044823265,R1A 0C8
2044823614,R1A 1B4
2044823677,R1A 2E2
2044824326,R1A 1R7
2044824409,R1A 4B5
2044824521,R0E 0M0
2044826926,R1A 2C8
2044832161,R0K 2C0
2044836292,R0M 1S0
2044836293,R0M 1L0
2044836295,R0M 0X0
2044836296,R0M 0M0
2044836297,R0M 2E0
2044836298,R0K 2G0
2044837337,R0K 0K0
2044881137,R3M 3P8
2044883569,R3N 0M5
2044884245,R3Y 1L3
2044884422,R3N 0J6
2044884514,R3N 1T3
2044884517,R3N 0M1
2044887090,R3M 0P2
2044887357,R3T 1Z2
2044888112,R3M 3M4
2044890799,R3P 2H1
2044890995,R3P 1K9
2044891239,R3Y 1N6
2044893423,R3N 0W6
2045097849,R3T 6G2
2045234355,R0K 1G0
2045234696,R0K 1G0
2045238768,R0K 1G0
2045242343,R0L 0J0
2045242394,R0L 0N0
2045262179,R0G 0X0
2045262185,R0G 0G0
2045262533,R0G 0X0
2045292357,R0K 0L0
2045292567,R0K 0L0
2045342494,R0K 0E0
2045352120,R0K 0B0
2045352314,R0K 0B0
2045392466,R0L 0C0
2045456246,R0L 0B0
2045462882,R0L 0Y0
2045482551,R0L 0X0
2045482822,R0L 0X0
2045562347,R0M 1B0
2045662149,R0J 1J0
2045662167,R0K 1T0
2045860327,R2V 2E6
2045865139,R2W 1B7
2045868061,R2P 1L3
2045868085,R2W 1K1
2045868346,R2W 2P9
2045868376,R2X 0M3
2045868381,R2X 2Y6
2045868493,R2W 4Z2
2045868497,R2X 1H6
2045868583,R2W 5G1
2045869606,R2W 1W9
2045869625,R2X 2J7
2045869716,R2V 0N3
2045894313,R2W 4P3
2045894368,R2W 0M5
2045894374,R2W 1C4
2045894383,R2W 0L3
2045894745,R2X 2C4
2045895301,R2W 2Y3
2045896383,R2W 4J6
2045896742,R2W 2R8
2045897355,R2W 4Y1
2045898321,R2X 0Z1
2045944434,R3T 6B4
2046231420,R9A 1R4
2046233411,R9A 1R4
2046233459,R9A 1R4
2046233485,R9A 1R4
2046237421,R9A 1R4
2046283443,R0L 2C0
2046326314,R2P 1K1
2046326641,R2P 1L3
2046330065,R2R 1M5
2046331714,R2P 1W3
2046333485,R0H 1E0
2046334092,R2R 2S8
2046335641,R2P 0B2
2046336477,R2R 1W1
2046338870,R2P 0P4
2046339630,R2R 0G4
2046362266,R0J 0P0
2046362605,R0J 0P0
2046372240,R0H 0C0
2046372312,R0H 0C0
2046383134,R7N 3L4
2046383323,R7N 1B7
2046383942,R7N 0K9
2046384588,R7N 0K4
2046384629,R7N 2V6
2046384653,R7N 3J7
2046384782,R7N 1V9
2046392451,R0C 1E0
2046421500,R0C 1B0
2046428546,R0C 1B0
2046428581,R0C 1B0
2046462209,R0C 2S0
2046522193,R0B 0L0
2046541818,R2K 2A3
2046564550,R0L 2G0
2046564792,R0L 2G0
2046592009,R0C 2T0
2046594475,R0C 1J0
2046612378,R2K 2G8
2046612384,R2K 2M2
2046612500,R2E 0J2
2046612503,R2K 2P3
2046612848,R2K 2V5
2046614451,R2K 1H5
2046615838,R2E 0H7
2046619509,R2G 0Z7
2046635073,R2G 0H6
2046635078,R2G 0H8
2046637664,R2G 2W4
2046637669,R2E 0G9
2046670413,R2K 2Z1
2046671103,R2K 2R1
2046672960,R2K 2M6
2046675727,R2K 2N4
2046678495,R2L 2B6
2046678534,R2L 0E6
2046678823,R2L 0G4
2046679006,R2L 0N9
2046686249,R2K 3L2
2046689304,R2K 1W6
2046689438,R2G 0X4
2046689442,R2G 1V2
2046691228,R2L 1X9
2046691277,R2K 3L2
2046691280,R2K 3Z4
2046694430,R2G 1G3
2046694482,R2L 1V6
2046694490,R2K 1H5
2046752737,R0B 0E0
2046762278,R0B 0J0
2046776100,R8N 1G8
2046776115,R8N 0X1
2046776125,R8N 1C5
2046776140,R8N 1W8
2046776190,R8N 0X9
2046776200,R8N 0C4
2046776242,R8N 0S9
2046852047,R0H 0R0
2046852249,R0H 0R0
2046852912,R0H 0C0
2046876354,R8A 0P7
2046877506,R8A 0P7
2046877538,R8A 1S2
2046877578,R8A 0K8
2046892620,R0B 1S0
2046940483,R2R 2R2
2046946755,R2R 2R8
2046948071,R2P 2S5
2046948688,R2P 2R1
2046975962,R2V 4X2
2046975965,R2P 2T5
2047043000,R0J 1H0
2047232097,R0G 2V0
2047232737,R0G 2V0
2047232781,R0G 2V0
2047250412,R0K 2C0
2047252630,R7A 0PE
2047257770,R7A 7X9
2047281106,R0K 0A0
2047287674,R0K 0W0
2047287676,R0K 0W0
2047290320,R7A 4K5
2047290330,R7A 1Y2
2047290399,R0K 2A0
2047293161,R7A 0X1
2047293170,R7B 2H7
2047293180,R7A 1K6
2047293200,R7A 1K9
2047293210,R7B 3G3
2047293220,R7A 3E7
2047293250,R7B 3X2
2047293260,R7B 1A8
2047293265,R7A 2B9
2047293270,R7A 5B2
2047293285,R7A 3C3
2047293290,R7A 6N7
2047293900,R7A 6Y6
2047293950,R7B 0X8
2047293955,R7B 2B6
2047293965,R7A 6H7
2047293988,R7B 1T4
2047293990,R7A 6M6
2047322525,R0L 1R0
2047322750,R0L 0M0
2047332559,R0L 1K0
2047343385,R0L 1Z0
2047344506,R0L 0H0
2047344511,R0L 1Z0
2047344518,R0L 1Z0
2047344593,R0L 1Z0
2047345222,R0L 1G0
2047352779,R0G 2P0
2047352863,R0G 2P0
2047362282,R0G 2J0
2047362366,R0G 2J0
2047364223,R0G 2J0
2047364366,R0G 0A1
2047384630,R0C 2L0
2047384700,R0C 0P0
2047392635,R0C 0W0
2047423265,R0L 0T0
2047432208,R0K 0P0
2047442030,R0G 2L0
2047442145,R0G 1M0
2047442751,R0G 2L0
2047452001,R0G 0J0
2047452623,R0G 0J0
2047462612,R0G 1K0
2047468068,R0G 1E0
2047468355,R0G 1W0
2047468518,R0G 1K0
2047481932,R0M 2C0
2047482205,R0M 2C0
2047482294,R0M 2C0
2047482575,R0M 2C0
2047492356,R0G 1S0
2047522251,R0K 0A0
2047532381,R0E 1L0
2047532559,R0E 1L0
2047542240,R0E 0T0
2047552214,R0E 0Y0
2047552342,R0E 0Y0
2047579881,R1A 3H6
2047625610,R0C 1Y0
2047634103,R0K 0R0
2047634480,R0K 0R0
2047634963,R0K 1C0
2047642225,R0M 0K0
2047672168,R0H 0A0
2047682396,R0C 2E0
2047682571,R0C 0E0
2047682625,R0C 0E0
2047692267,R0K 2C0
2047729527,R3G 0L9
2047743409,R3A 0P1
2047745401,R3G 1M6
2047748085,R3E 2A5
2047752455,R3G 2A8
2047752574,R3A 1T2
2047752591,R3E 1R9
2047754404,R3G 1N7
2047758985,R3E 2P4
2047762041,R0K 1M0
2047762151,R0K 1J0
2047762344,R0K 1G0
2047833237,R3G 2X3
2047836195,R3E 2N4
2047837131,R3E 2H1
2047837792,R3E 2T7
2047839012,R3E 1C2
2047852036,R0E 0M0
2047858284,R1A 0S1
2047858514,R1A 0S1
2047861401,R3E 2S2
2047863469,R3G 1C6
2047864796,R3G 1E7
2047865631,R3A 0G8
2047865749,R3E 1G1
2047867427,R3G 2G3
2047880203,R3E 0J7
2048224425,R6M 1Z1
2048224458,R6M 1Z3
2048224580,R6M 1Z4
2048226225,R6M 1Z2
2048242038,R0K 2G0
2048242340,R0K 2G0
2048252049,R0G 1P0
2048252559,R0G 1P0
2048262824,R0K 1W0
2048272309,R0K 0X0
2048272593,R0K 0X0
2048293226,R0G 0B1
2048293973,R0G 1R0
2048317099,R3R 3M7
2048321359,R3J 1B1
2048321373,R3J 3L4
2048342172,R0K 0H0
2048342266,R0K 0H0
2048342828,R0K 0H0
2048343524,R0K 0H0
2048352083,R0J 1B0
2048362212,R0G 2S0
2048362855,R0G 2S0
2048371361,R2Y 0G6
2048371394,R2Y 0N9
2048375808,R3J 0V8
2048375843,R2Y 0B6
2048378381,R3K 0L8
2048378397,R3K 0T7
2048422801,R0J 2C0
2048422802,R0J 0G0
2048422803,R0M 0T0
2048422804,R0J 1V0
2048422806,R0J 0X0
2048422810,R0J 1V0
2048422812,R0J 1W0
2048422822,R0J 1Z0
2048422823,R0M 0T0
2048422826,R0M 1M0
2048423315,R0M 0C0
2048423463,R0M 0C0
2048452118,R0M 0N0
2048452273,R0M 0N0
2048452662,R0M 0N0
2048472008,R0J 0R0
2048482402,R0J 1N0
2048537929,R0E 0K0
2048552242,R0M 1P0
2048573405,R1N 3W2
2048573475,R1N 0Y2
2048573478,R1N 0A5
2048574564,R1N 0B4
2048576843,R1N 2B6
2048577521,R1N 2B6
2048577687,R1N 2T5
2048578714,R1N 3C4
2048582204,R0M 1C0
2048642868,R4L 1A4
2048652350,R0J 1E0
2048662962,R0E 0A0
2048663293,R0E 0K0
2048672591,R0J 1E0
2048672794,R0J 1E0
2048732147,R0K 0N0
2048732476,R0K 0N0
2048773994,R0M 1X0
2048782887,R5K 0S8
2048782898,R0A 0T0
2048782929,R5K 1E3
2048784233,R5K 1E3
2048832182,R5A 1C2
2048852216,R3J 1N1
2048857710,R2Y 0C9
2048859555,R3J 1C7
2048862574,R0C 3B0
2048862593,R0C 3B0
2048862620,R0C 3B0
2048880148,R3J 2V6
2048880680,R2Y 1N1
2048880684,R3J 1A5
2048881101,R3J 3E5
2048881678,R3P 0L2
2048881990,R3J 3M8
2048883390,R2Y 0H7
2048884867,R3J 0J1
2048884898,R3J 1V7
2048885898,R3P 0P7
2048887650,R3K 1K3
2048888930,R2Y 0H4
2048891034,R3R 1C4
2048893602,R3P 0N6
2048895053,R4J 1A3
2048896000,R3K 0N8
2048896650,R3R 0W4
2048899332,R3R 0Z9
2048899356,R3J 2C6
2048899360,R2Y 1L1
2048950004,R4G 0A5
2048952820,R3R 0J7
2048957221,R3R 1K6
2048957225,R3R 2H3
2048958205,R3R 1W3
2048958208,R3R 1R7
2048958213,R3R 1Z3
2049372138,R0L 1P0
2049372585,R0L 1P0
2049424326,R3B 0H4
2049426965,R3B 1V5
2049433459,R3A 1A1
2049439541,R2W 2P2
2049471674,R3B 2N8
2049586412,R2C 2V1
2049586426,R2C 1B6
2049586440,R2C 2P9
2049586460,R2C 1L6
2049586500,R2C 2C9
2049586522,R2C 0Y3
2049586532,R2C 3Z2
2049586591,R2C 2P9
2049586830,R2C 2X4
2049586832,R2C 0S5
2049586840,R2C 1J8
2049586860,R2C 5B8
2049586880,R2C 3T7
2049586888,R2C 1L6
2049663487,R0J 0M0
2049663496,R0J 0J0
2049672572,R0J 1T0
